category,name,nat,instagram
Men,A'HERN Kye,AUS,https://www.instagram.com/kyeahern/
Men,ABELLA Léo,FRA,https://www.instagram.com/abella_leo/
Men,ALRAN Max,FRA,https://www.instagram.com/max_alran_5/
Men,ALRAN Till,FRA,https://www.instagram.com/alran_till_mtb/
Men,ATWILL Philip,GBR,https://www.instagram.com/phil_atwill/
Men,BAECHLER Yannick,SUI,https://www.instagram.com/yannickbaechler/
Men,BANDEIRA Gonçalo,POR,https://www.instagram.com/goncaloccb/
Men,BARANEK Rastislav,SVK,https://www.instagram.com/rastobaranek36/
Men,BLENKINSOP Sam,NZL,https://www.instagram.com/samblenkinsop/
Men,BOTTERAM Tristan,NED,https://www.instagram.com/botteramtristan/
Men,BRANDS Fynn,NED,https://www.instagram.com/fynnbrands/
Men,BRANNIGAN George,NZL,https://www.instagram.com/georgebrannigan/
Men,BRAYTON Adam,GBR,https://www.instagram.com/adbrayton/
Men,BREEDEN Joe,GBR,https://www.instagram.com/joe_breeden17/
Men,BROSNAN Troy,AUS,https://www.instagram.com/troybrosnan/
Men,BRUNI Loic,FRA,https://www.instagram.com/loicbruni29/
Men,BURKE Bode,USA,https://www.instagram.com/bode_burke/
Men,CAMARGO GIOVANNINI Gabriel,BRA,https://www.instagram.com/gcgiovannini/
Men,CAPPELLO Davide,ITA,https://www.instagram.com/mr__kappe/
Men,CASTELLANOS LIBERAL Daniel,ESP,https://www.instagram.com/danicastellanosspain/
Men,CHAPELET Simon,FRA,https://www.instagram.com/simonchapelet47/
Men,CONNELLY Jackson,AUS,https://www.instagram.com/jackson_connelly/
Men,COULANGES Benoit,FRA,https://www.instagram.com/benoitcoulanges/
Men,CRAIK Ethan,GBR,https://www.instagram.com/ethancraik/
Men,CRAIK George Ethan,GBR,https://www.instagram.com/ethancraik/
Men,CRUZ Lucas,CAN,https://www.instagram.com/lccruzin/
Men,CRUZ Tegan,CAN,https://www.instagram.com/tegster2005/
Men,DAPRELA Thibaut,FRA,https://www.instagram.com/thibautdaprela/
Men,DAVIS Oliver,AUS,https://www.instagram.com/olliedavis.6/
Men,DICKSON Jacob,IRL,https://www.instagram.com/jacob_dicksondh/
Men,DOOLEY Austin,USA,https://www.instagram.com/austin_dooley_/
Men,DUNNE Ronan,IRL,https://www.instagram.com/ronandunne_dh/
Men,EDMONDSON Jamie,GBR,https://www.instagram.com/jamie_edmondson/
Men,ERLANGSEN Theo,RSA,https://www.instagram.com/theo_erlangsen/
Men,ERVIN Tyler,USA,https://www.instagram.com/tylerervin_/
Men,ESTAQUE Thomas,FRA,https://www.instagram.com/thomasestaque/
Men,FALQUET Mylann,FRA,https://www.instagram.com/mylannfalquet/
Men,FAYOLLE Alexandre,FRA,https://www.instagram.com/alexandre_fayolle88/
Men,FEARON Connor,AUS,https://www.instagram.com/connorahoyhoy/
Men,FREW Jackson,AUS,https://www.instagram.com/jackson_frew/
Men,FRIXTALON Hugo,FRA,https://www.instagram.com/frix.frix/
Men,GAJDOSECH Gonzalo,ARG,https://www.instagram.com/gajdosech_gonza/
Men,GALE Sam,NZL,https://www.instagram.com/samgale.x/
Men,GARCIA AYORA Ignacio,ESP,https://www.instagram.com/naachogaarciaa/
Men,GARCIN Johan,FRA,https://www.instagram.com/johan_garcin/
Men,GOLDSTONE Jackson,CAN,https://www.instagram.com/jacksongoldstone/
Men,GOODWILL Douglas,GBR,https://www.instagram.com/douglasgoodwill26/
Men,GREENLAND Laurie,GBR,https://www.instagram.com/lauriegreenland_/
Men,GRICE Christopher,USA,https://www.instagram.com/christopher_grice/
Men,GRIFFITHS Oscar,GBR,https://www.instagram.com/oscaregriffiths/
Men,GRISEL Léo,FRA,https://www.instagram.com/leogrisel/
Men,GWIN Aaron,USA,https://www.instagram.com/aarongwin1/
Men,HANDL Christoph,AUT,https://www.instagram.com/handl_christoph/
Men,HART Danny,GBR,https://www.instagram.com/dannyhart1/
Men,HARTENSTERN Max,GER,https://www.instagram.com/max.hartenstern/
Men,HATTON Charlie,GBR,https://www.instagram.com/charlie_hatton1/
Men,HAUSER Christian,ITA,https://www.instagram.com/hauserchris_
Men,HELLY Johnathan,CAN,https://www.instagram.com/johnathanhelly/
Men,HOLGUIN VILLA Sebastian,COL,https://www.instagram.com/sebastianholguinv7
Men,HROMÁDKA Matyáš,CZE,https://www.instagram.com/matyas_hromadka
Men,ILES Finn,CAN,https://www.instagram.com/finniles/
Men,INIGUEZ Matteo,FRA,https://www.instagram.com/matteoiniguez999/
Men,INIGUEZ Raphael,FRA,https://www.instagram.com/raphaeliniguez/
Men,INTROZZI Stefano,ITA,https://www.instagram.com/stefano_introzzi/
Men,JEWETT Dane,CAN,https://www.instagram.com/danerbomb/
Men,JEWETT Jakob,CAN,https://www.instagram.com/jakobjewett/
Men,KAUPPINEN Samu,FIN,https://www.instagram.com/samu_kauppinen_/
Men,KERR Bernard,GBR,https://www.instagram.com/bernard_kerr/
Men,KERR Henry,IRL,https://www.instagram.com/dhinebitesweet/
Men,KIEFER Henri,GER,https://www.instagram.com/henri_kiefer/
Men,KIRK Rory,RSA,https://www.instagram.com/roryjkirk/
Men,KOLB Andreas,AUT,https://www.instagram.com/andreas.kolb66/
Men,KUHN Bodhi,CAN,https://www.instagram.com/bodhi_kuhn/
Men,LALY Thibault,FRA,https://www.instagram.com/tibolaly/
Men,LANGEVIN Hugo,CAN,https://www.instagram.com/hugo_langeevin/
Men,LEHMANN Hannes,GER,https://www.instagram.com/hnns_43/
Men,LEHMANN Janis,SUI,https://www.instagram.com/lehmann.janis/
Men,LEHMANN Lino,SUI,https://www.instagram.com/lino.lehmann/
Men,LEVESQUE Dylan,FRA,https://www.instagram.com/dylandecoco39/
Men,MACDERMID James,NZL,https://www.instagram.com/jamesmacdermid/
Men,MACDONALD Brook,NZL,https://www.instagram.com/brookmacdonald6/
Men,MADLEY George,GBR,https://www.instagram.com/george.madley.mtb/
Men,MAES Martin,BEL,https://www.instagram.com/martin_maes5/
Men,MAPLES Dylan,USA,https://www.instagram.com/dylan.maples/
Men,MARINI Hugo,FRA,https://www.instagram.com/hugomarini_/
Men,MARTIN Loïc,FRA,https://www.instagram.com/loicmartin__/
Men,MASTERS Wyn,NZL,https://www.instagram.com/wynmasters/
Men,MAUKONEN Eliel,FIN,https://www.instagram.com/elielmaukonen/
Men,MAURER Simon,GER,https://www.instagram.com/simon.maurer8/
Men,MCDOWALL Kirk,CAN,https://www.instagram.com/kirkmcdowall/
Men,MEDCALF Evan,USA,https://www.instagram.com/evanmedcalf/
Men,MEEK Toby,NZL,https://www.instagram.com/tobymeek27/
Men,MEIER-SMITH Luke,AUS,https://www.instagram.com/luke_ms1/
Men,MEIER-SMITH Remy,AUS,https://www.instagram.com/remy.meier.smith/
Men,MENOYO BUSQUETS Pau,ESP,https://www.instagram.com/paumenoyo_
Men,MINNAAR Greg,RSA,https://www.instagram.com/gregminnaar/
Men,MOLLOY Harry,GBR,https://www.instagram.com/harrymolloydh/
Men,MULALLY Neko,USA,https://www.instagram.com/nekomulally/
Men,MUÑOZ Fernando Juan,COL,https://www.instagram.com/juanfervelez25/
Men,MUÑOZ Juan Fernando,COL,https://www.instagram.com/juanfervelez25/
Men,NIEMIZ Marko,SLO,https://www.instagram.com/markoniemiz/
Men,NORTON Dakotah,USA,https://www.instagram.com/daknorton/
Men,O CALLAGHAN Oisin,IRL,https://www.instagram.com/oisinocallaghandh/
Men,O'CALLAGHAN Oisin,IRL,https://www.instagram.com/oisinocallaghandh/
Men,PALAZZARI Davide,ITA,https://www.instagram.com/minkja_daddy/
Men,PENE Tuhoto-Ariki,NZL,https://www.instagram.com/tuhoto_ariki/
Men,PESTANA Álvaro,POR,https://www.instagram.com/alvaroppestana/
Men,PIERCY Jack,GBR,https://www.instagram.com/jack_piercy01/
Men,PIERRON Amaury,FRA,https://www.instagram.com/amaurypierron4/
Men,PIERRON Antoine,FRA,https://www.instagram.com/antoinepierron5/
Men,PIERRON Baptiste,FRA,https://www.instagram.com/baptistepierron8/
Men,PINKERTON Kenneth Ryan,USA,https://www.instagram.com/pinkerton.ryan/
Men,PINKERTON Ryan,USA,https://www.instagram.com/pinkerton.ryan/
Men,PLATT Dom,GBR,https://www.instagram.com/domplattmtb/
Men,PONTVIANNE Nathan,FRA,https://www.instagram.com/nathan.pontvianne/
Men,POTGIETER Johann,RSA,https://www.instagram.com/johannpotgieter_downhill/
Men,RAINIO Onni,FIN,https://www.instagram.com/onnirainio/
Men,REVELLI Loris,ITA,https://www.instagram.com/lorikid27/
Men,ROGGE Antoine,FRA,https://www.instagram.com/antoine.rogge/
Men,RUDE JR Richard,USA,https://www.instagram.com/richie_rude1
Men,RUIZ Antony,VEN,https://www.instagram.com/anthony_dhrt/
Men,SCHNÖLLER Kilian,AUT,https://www.instagram.com/kilian.schnoeller/
Men,SHAW Luca,USA,https://www.instagram.com/luca_shaw/
Men,SHERLOCK Seth,CAN,https://www.instagram.com/sethsherlock/
Men,SHERRY Henry,CAN,https://www.instagram.com/henrysherry_/
Men,SILVA Dante,USA,https://www.instagram.com/dantesilva_122/
Men,SLACK Dan,GBR,https://www.instagram.com/danslack_mtb/?hl=en
Men,SLOAN Carter,AUS,https://www.instagram.com/carter.sloan1/
Men,SMESTAD Simen,NOR,https://www.instagram.com/simensmestad/
Men,STEINER Julian,GER,https://www.instagram.com/juliansteiner941/
Men,STEVENS-MCNAB Lachlan,NZL,https://www.instagram.com/lachiestevensmcnab/
Men,SUAREZ ALONSO Angel,ESP,https://www.instagram.com/angelsuarezdh/
Men,THIRION Rémi,FRA,https://www.instagram.com/remithirion/
Men,THURLOW Luca,GBR,https://www.instagram.com/lucathurlow/
Men,VANREUSEL Kelian,BEL,https://www.instagram.com/kelianvanreusel/
Men,VERGIER Loris,FRA,https://www.instagram.com/lorisvergier/
Men,VERMETTE Asa,USA,https://www.instagram.com/asavermette/
Men,VERNON Taylor,GBR,https://www.instagram.com/taylorvernon67/
Men,VIARDOT Kimi,FRA,https://www.instagram.com/kimiviardot/
Men,VIDAL Antoine,FRA,https://www.instagram.com/antoine_vidal07/
Men,VIEIRA Douglas,BRA,https://www.instagram.com/douglasvieiradh/
Men,VIEIRA Roger,BRA,https://www.instagram.com/rogervieira8/
Men,VIGE Gaëtan,FRA,https://www.instagram.com/gaetan_vige/
Men,WAITE Tyler,NZL,https://www.instagram.com/tyler_waite1/
Men,WALKER Matt,GBR,https://www.instagram.com/mattwalkerdh/
Men,WALLACE Mark,CAN,https://www.instagram.com/markwallacebike/
Men,WAYMAN Luke,NZL,https://www.instagram.com/lukewayman1/
Men,WEINHANDL Sebastian,AUT,https://www.instagram.com/sebixweini/
Men,WILLIAMS Jordan,GBR,https://www.instagram.com/jordanwilliams17/
Men,WILLIAMSON Greg,GBR,https://www.instagram.com/gregwilliamson1/
Men,WILLIAMSON Matthew Luke,GBR,https://www.instagram.com/luke_williamson14/
Men,WILSON Reece,GBR,https://www.instagram.com/reecowilson/
Men,WOOLLEY Kasper,CAN,https://www.instagram.com/kasper_woolley/
Men,ZWAR Oliver,SWE,https://www.instagram.com/oliverzwar/
Women,BALANCHE Camille,SUI,https://www.instagram.com/cam.bal/
Women,BAUMANN Lisa,SUI,https://www.instagram.com/_lisa.baumann._/
Women,BINDHAMMER Emma,AUT,https://www.instagram.com/emma_mtb_/
Women,BIRCHALL Bellah,NZL,https://www.instagram.com/bellahbirchall_/
Women,BLEWITT Jess,NZL,https://www.instagram.com/jessblewitt_/
Women,BONNAURE Lais,FRA,https://www.instagram.com/lais_bonnaure/
Women,BOULADOU Lisa,FRA,https://www.instagram.com/lisa_bouladou/
Women,CABIROU Marine,FRA,https://www.instagram.com/marine_cabirou/
Women,CARRICK-ANDERSON Emily,GBR,https://www.instagram.com/emilycarrickanderson/
Women,CHERECHES Luana-Maria,ROU,https://www.instagram.com/luanachereches
Women,CLAVEL Vicky,FRA,https://www.instagram.com/clavelvicky/
Women,DU TOIT Frances,RSA,https://www.instagram.com/frankiejdutoit/
Women,DUDEK Amelia,POL,https://www.instagram.com/amelia_dudekk/
Women,EARNEST Sacha,NZL,https://www.instagram.com/sachaearnestt/
Women,EMPEY Elise,AUS,https://www.instagram.com/elise.empey/
Women,FARINA Eleonora,ITA,https://www.instagram.com/elefarinamtb/
Women,FAYOLLE Zoé,FRA,https://www.instagram.com/fayolle_zoe/
Women,FERGUSON Louise-Anna,GBR,https://www.instagram.com/fergyferg__/
Women,FRENER Lina,AUT,https://www.instagram.com/linafrener/
Women,GALE Phoebe,GBR,https://www.instagram.com/_phoebegale/
Women,HARNDEN Harriet,GBR,https://www.instagram.com/hatt1e_harnden/
Women,HASTINGS Jenna,NZL,https://www.instagram.com/jennnahastings/
Women,HEMSTREET Gracey,CAN,https://www.instagram.com/graceyhemstreet/
Women,HENNESS Matilda,AUS,https://www.instagram.com/tillyhenness/
Women,HOFFMANN Nina,GER,https://www.instagram.com/nina.hoff96/
Women,HOGIE Abigail,USA,https://www.instagram.com/abby_hogie/
Women,HÖLL Valentina,AUT,https://www.instagram.com/valihoell/
Women,HORNE Megan,GBR,https://www.instagram.com/meganhorne56/
Women,HRASTNIK Monika,SLO,https://www.instagram.com/monikahrastnik/
Women,HULSEBOSCH Eliana,NZL,https://www.instagram.com/elliehulsebosch
Women,JENSEN Rosa,DEN,https://www.instagram.com/rosamariejensen08/
Women,JOHNSET Mille,NOR,https://www.instagram.com/millejohnset/
Women,KHAQIMAH Milatul,INA,https://www.instagram.com/milaaaaa_89/
Women,LEANEAGH Maylei,USA,https://www.instagram.com/maylei_826/
Women,LOFQVIST-TRAUM Julia,USA,https://www.instagram.com/shredulia/
Women,LOGAR Zanna,USA,https://www.instagram.com/z_logar/
Women,MELTON Matilda,USA,https://www.instagram.com/tillymelton7/
Women,MENENDEZ GONZALEZ Cristina,ESP,https://www.instagram.com/crismg_9/
Women,MENENDEZ GONZALEZ Natalia,ESP,https://www.instagram.com/nataliamg.16/
Women,MILLS Sacha,AUS,https://www.instagram.com/bikestuffwithsacha/
Women,NEF Gianna,SUI,https://www.instagram.com/gianna.liza/
Women,NEWKIRK Anna,USA,https://www.instagram.com/annanewkirk_/
Women,NICOLE Myriam,FRA,https://www.instagram.com/myriam_nicole/
Women,OSTGAARD Aletha,USA,https://www.instagram.com/alethaostgaard/
Women,OSTGAARD Taylor,USA,https://www.instagram.com/taylorostgaard/
Women,PARTON Mikayla,GBR,https://www.instagram.com/mikaylaparton/
Women,PEIZERAT Cassandre,FRA,https://www.instagram.com/cassandre.peizerat/
Women,PERXACHS I AYATS Marta,ESP,https://www.instagram.com/marta_perxachs/
Women,PORTA Elise,FRA,https://www.instagram.com/elise_pta/
Women,PROULX-ROYDS Tayte,CAN,https://www.instagram.com/tayte_proulx_royds/
Women,RIEGER Marlena,GER,https://www.instagram.com/marlena.rieger/
Women,ROA SANCHEZ Valentina,COL,https://www.instagram.com/valenrs5/
Women,RØNNING Frida Helena,NOR,https://www.instagram.com/frida9/
Women,SCARSI Gloria,ITA,https://www.instagram.com/gloria_scarsi/
Women,SEAGRAVE Tahnee,GBR,https://www.instagram.com/tahneeseagrave
Women,SKELTON Kailey,USA,https://www.instagram.com/kailey_skelton/
Women,TURKOVIC Elleni,AUS,https://www.instagram.com/len_turkovic/
Women,VAN DER VELDEN Siel,BEL,https://www.instagram.com/sielvandervelden/
Women,VAN LEUVEN Erice,NZL,https://www.instagram.com/ericevanleuven
Women,WIDMANN Veronika,ITA,https://www.instagram.com/vero_widmann/
Women,WILSON Heather,GBR,https://www.instagram.com/heatherwilsonmtb/
Women,ZIERL Rosa,AUT,https://www.instagram.com/rosa_zierl/